timestamp,latitude,longitude,altitude_m,satellites,hdop,fix_quality
2026-09-30T21:13:15,51.887589,0.9122208666666667,18.918,40,0.41,1
2026-09-30T21:13:16,51.88758921666667,0.91222055,18.930,40,0.41,1
2026-09-30T21:13:17,51.887589416666664,0.91222015,18.939,40,0.41,1
2026-09-30T21:13:18,51.88758956666667,0.9122199,18.947,40,0.39,1
2026-09-30T21:13:19,51.88758966666666,0.9122196166666666,18.954,40,0.40,1
2026-09-30T21:13:20,51.88758983333334,0.9122192333333333,18.964,40,0.39,1
2026-09-30T21:13:21,51.88759003333333,0.9122188666666666,18.974,40,0.39,1
2026-09-30T21:13:22,51.88759018333333,0.9122186833333333,18.985,40,0.39,1
2026-09-30T21:13:23,51.887590366666664,0.9122185833333333,18.996,40,0.39,1
2026-09-30T21:13:24,51.88759053333333,0.9122184333333333,19.006,40,0.39,1
2026-09-30T21:13:25,51.88759066666667,0.91221835,19.018,40,0.40,1
2026-09-30T21:13:26,51.887590716666665,0.9122182,19.025,40,0.36,1
2026-09-30T21:13:27,51.88759076666667,0.91221815,19.031,40,0.40,1
2026-09-30T21:13:28,51.8875908,0.9122179166666666,19.047,40,0.39,1
2026-09-30T21:13:29,51.88759085,0.9122176333333333,19.060,40,0.38,1
2026-09-30T21:13:30,51.8875909,0.91221725,19.076,40,0.38,1
2026-09-30T21:13:31,51.88759098333333,0.9122167999999999,19.087,40,0.37,1
2026-09-30T21:13:32,51.88759105,0.91221635,19.102,40,0.39,1
2026-09-30T21:13:33,51.887591183333335,0.9122159166666666,19.116,40,0.39,1
2026-09-30T21:13:34,51.88759126666667,0.9122155833333333,19.127,40,0.40,1
2026-09-30T21:13:35,51.887591316666665,0.9122155166666667,19.130,40,0.39,1
2026-09-30T21:13:36,51.88759138333333,0.9122154333333333,19.131,40,0.39,1
2026-09-30T21:13:37,51.887591433333334,0.9122153333333334,19.134,40,0.38,1
2026-09-30T21:13:38,51.88759146666666,0.9122149166666667,19.139,40,0.38,1
2026-09-30T21:13:39,51.88759151666667,0.91221455,19.146,40,0.38,1
2026-09-30T21:13:40,51.887591566666664,0.9122142166666667,19.150,40,0.41,1
2026-09-30T21:13:41,51.887591666666665,0.9122136333333334,19.153,40,0.39,1
2026-09-30T21:13:42,51.88759168333333,0.9122135666666666,19.154,40,0.40,1
2026-09-30T21:13:43,51.88759175,0.9122132166666667,19.160,40,0.40,1
2026-09-30T21:13:44,51.887591883333336,0.9122128,19.166,40,0.40,1
2026-09-30T21:13:45,51.887591916666665,0.9122123166666667,19.171,40,0.41,1
2026-09-30T21:13:46,51.887592,0.9122118166666666,19.173,40,0.39,1
2026-09-30T21:13:47,51.88759208333333,0.91221135,19.176,40,0.39,1
2026-09-30T21:13:48,51.887592166666664,0.9122108999999999,19.178,40,0.41,1
2026-09-30T21:13:49,51.88759218333333,0.9122104833333334,19.183,40,0.39,1
2026-09-30T21:13:50,51.88759215,0.9122104833333334,19.185,40,0.40,1
2026-09-30T21:13:51,51.8875922,0.91221025,19.190,40,0.40,1
2026-09-30T21:13:52,51.88759225,0.91221005,19.193,40,0.43,1
2026-09-30T21:13:53,51.88759231666667,0.9122097,19.198,40,0.42,1
2026-09-30T21:13:54,51.88759235,0.9122094500000001,19.202,40,0.42,1
2026-09-30T21:13:55,51.8875924,0.9122090833333334,19.201,40,0.42,1
2026-09-30T21:13:56,51.88759246666667,0.9122087166666667,19.200,40,0.43,1
2026-09-30T21:13:57,51.887592516666665,0.91220835,19.196,40,0.42,1
2026-09-30T21:13:58,51.887592516666665,0.9122080833333333,19.192,40,0.40,1
2026-09-30T21:13:59,51.887592516666665,0.9122077,19.189,40,0.44,1
2026-09-30T21:14:00,51.88759255,0.9122074333333334,19.190,40,0.40,1
2026-09-30T21:14:01,51.887592616666666,0.9122071500000001,19.184,40,0.40,1
2026-09-30T21:14:02,51.8875926,0.9122068166666666,19.177,40,0.40,1
2026-09-30T21:14:03,51.887592633333334,0.9122062,19.172,40,0.38,1
2026-09-30T21:14:04,51.88759271666667,0.9122055499999999,19.164,40,0.38,1
2026-09-30T21:14:05,51.88759285,0.9122047,19.157,40,0.41,1
2026-09-30T21:14:06,51.88759293333333,0.9122044333333333,19.153,40,0.40,1
2026-09-30T21:14:07,51.88759301666666,0.9122034833333333,19.147,40,0.40,1
2026-09-30T21:14:08,51.88759305,0.9122031833333334,19.145,40,0.42,1
2026-09-30T21:14:09,51.887593083333336,0.9122029166666666,19.140,40,0.37,1
2026-09-30T21:14:10,51.8875931,0.9122026166666667,19.134,40,0.37,1
2026-09-30T21:14:11,51.887593116666665,0.9122023499999999,19.130,40,0.40,1
2026-09-30T21:14:12,51.88759313333333,0.9122020333333333,19.124,40,0.40,1
2026-09-30T21:14:13,51.88759318333334,0.9122016166666668,19.118,40,0.37,1
2026-09-30T21:14:14,51.887593233333334,0.9122012,19.113,40,0.37,1
2026-09-30T21:14:15,51.88759326666667,0.91220085,19.108,40,0.39,1
2026-09-30T21:14:16,51.8875933,0.9122005166666667,19.104,40,0.38,1
2026-09-30T21:14:17,51.887593333333335,0.9122003166666667,19.102,40,0.40,1
2026-09-30T21:14:18,51.887593366666664,0.9122000333333333,19.098,40,0.40,1
2026-09-30T21:14:19,51.88759345,0.9121991666666667,19.090,40,0.39,1
2026-09-30T21:14:20,51.88759355,0.9121982000000001,19.082,40,0.39,1
2026-09-30T21:14:21,51.88759361666666,0.9121972833333333,19.075,40,0.39,1
2026-09-30T21:14:22,51.88759363333333,0.9121964333333333,19.065,40,0.40,1
2026-09-30T21:14:23,51.88759365,0.9121957666666667,19.056,40,0.40,1
2026-09-30T21:14:24,51.887593683333336,0.9121949666666667,19.048,40,0.40,1
2026-09-30T21:14:25,51.88759378333334,0.9121943333333333,19.036,40,0.37,1
2026-09-30T21:14:26,51.887593833333334,0.9121936333333333,19.022,40,0.40,1
2026-09-30T21:14:27,51.88759386666667,0.9121933666666667,19.020,40,0.40,1
2026-09-30T21:14:28,51.88759391666667,0.9121932166666666,19.020,40,0.39,1
2026-09-30T21:14:29,51.88759395,0.9121930500000001,19.021,40,0.40,1
2026-09-30T21:14:30,51.887593966666664,0.9121928,19.022,40,0.40,1
2026-09-30T21:14:31,51.88759398333333,0.9121926666666667,19.021,40,0.40,1
2026-09-30T21:14:32,51.88759398333333,0.9121925833333333,19.021,40,0.40,1
2026-09-30T21:14:33,51.887593966666664,0.91219255,19.021,40,0.42,1
2026-09-30T21:14:34,51.887593966666664,0.9121924499999999,19.021,40,0.38,1
2026-09-30T21:14:35,51.887593966666664,0.9121923666666666,19.021,40,0.40,1
2026-09-30T21:14:36,51.887593966666664,0.9121923,19.023,40,0.40,1
2026-09-30T21:14:37,51.887593966666664,0.9121923,19.026,40,0.41,1
2026-09-30T21:14:38,51.887593966666664,0.9121924,19.030,40,0.42,1
2026-09-30T21:14:39,51.887593933333335,0.9121925833333333,19.034,40,0.43,1
2026-09-30T21:14:40,51.88759391666667,0.9121927666666667,19.039,41,0.42,1
2026-09-30T21:14:41,51.887593933333335,0.9121929333333333,19.043,41,0.41,1
2026-09-30T21:14:42,51.887593933333335,0.9121930166666666,19.047,41,0.41,1
2026-09-30T21:14:43,51.88759391666667,0.9121931333333334,19.050,41,0.41,1
2026-09-30T21:14:44,51.88759388333333,0.9121932833333334,19.054,41,0.41,1
2026-09-30T21:14:45,51.88759388333333,0.9121933666666667,19.057,41,0.42,1
2026-09-30T21:14:46,51.88759388333333,0.9121935333333333,19.061,41,0.43,1
2026-09-30T21:14:47,51.88759386666667,0.9121937,19.063,41,0.42,1
2026-09-30T21:14:48,51.88759388333333,0.9121938166666667,19.063,41,0.43,1
2026-09-30T21:14:49,51.88759388333333,0.9121940166666668,19.067,41,0.43,1
2026-09-30T21:14:50,51.887593933333335,0.9121941499999999,19.070,41,0.43,1
2026-09-30T21:14:51,51.88759395,0.9121943333333333,19.073,41,0.44,1
2026-09-30T21:14:52,51.88759395,0.9121944666666667,19.076,41,0.44,1
2026-09-30T21:14:53,51.88759391666667,0.91219465,19.079,41,0.44,1
2026-09-30T21:14:54,51.88759391666667,0.9121948333333333,19.082,41,0.44,1
2026-09-30T21:14:55,51.887593933333335,0.9121949333333333,19.085,41,0.45,1
2026-09-30T21:14:56,51.887593933333335,0.9121950666666667,19.088,41,0.45,1
2026-09-30T21:14:57,51.887593933333335,0.9121951,19.092,41,0.45,1
2026-09-30T21:14:58,51.887593966666664,0.9121951333333332,19.094,41,0.47,1
2026-09-30T21:14:59,51.88759401666667,0.9121951333333332,19.096,41,0.43,1
2026-09-30T21:15:00,51.88759401666667,0.9121950666666667,19.098,41,0.43,1
2026-09-30T21:15:01,51.88759405,0.912195,19.098,41,0.41,1
2026-09-30T21:15:02,51.88759405,0.9121948333333333,19.099,41,0.38,1
2026-09-30T21:15:03,51.887594033333336,0.9121946833333333,19.099,41,0.39,1
2026-09-30T21:15:04,51.887594033333336,0.9121944833333333,19.100,41,0.39,1
2026-09-30T21:15:05,51.88759405,0.9121943,19.100,41,0.41,1
2026-09-30T21:15:06,51.88759405,0.9121941833333334,19.101,41,0.40,1
2026-09-30T21:15:07,51.887594066666665,0.9121939833333333,19.103,41,0.41,1
2026-09-30T21:15:08,51.88759408333333,0.9121938,19.106,41,0.41,1
2026-09-30T21:15:09,51.8875941,0.9121936166666667,19.109,41,0.41,1
2026-09-30T21:15:10,51.88759413333333,0.9121934333333334,19.109,41,0.42,1
2026-09-30T21:15:11,51.887594166666666,0.9121932833333334,19.112,41,0.42,1
2026-09-30T21:15:12,51.887594183333334,0.9121931,19.113,41,0.41,1
2026-09-30T21:15:13,51.88759423333333,0.9121929000000001,19.116,41,0.42,1
2026-09-30T21:15:14,51.887594283333335,0.9121925999999999,19.117,41,0.42,1
2026-09-30T21:15:15,51.88759435,0.91219235,19.120,41,0.41,1
2026-09-30T21:15:16,51.8875944,0.9121921166666667,19.125,41,0.42,1
2026-09-30T21:15:17,51.88759448333333,0.9121918999999999,19.131,41,0.43,1
2026-09-30T21:15:18,51.887594533333335,0.9121916666666666,19.135,41,0.43,1
2026-09-30T21:15:19,51.88759461666667,0.9121915,19.141,41,0.42,1
2026-09-30T21:15:20,51.8875947,0.9121912666666667,19.148,41,0.44,1
2026-09-30T21:15:21,51.8875948,0.9121910333333333,19.156,41,0.44,1
2026-09-30T21:15:22,51.887594883333335,0.9121908333333334,19.164,41,0.44,1
2026-09-30T21:15:23,51.88759498333334,0.9121906166666667,19.172,41,0.45,1
2026-09-30T21:15:24,51.88759508333333,0.9121904166666667,19.179,41,0.44,1
2026-09-30T21:15:25,51.887595166666664,0.9121902333333334,19.188,41,0.45,1
2026-09-30T21:15:26,51.88759525,0.9121900333333334,19.195,41,0.42,1
2026-09-30T21:15:27,51.88759531666667,0.9121898,19.202,41,0.42,1
2026-09-30T21:15:28,51.8875954,0.9121895999999999,19.208,41,0.43,1
2026-09-30T21:15:29,51.88759546666667,0.9121894333333334,19.214,41,0.43,1
2026-09-30T21:15:30,51.887595516666664,0.9121892833333334,19.218,41,0.46,1
2026-09-30T21:15:31,51.887595616666665,0.9121891166666667,19.222,41,0.44,1
2026-09-30T21:15:32,51.88759566666667,0.9121890166666666,19.226,42,0.44,1
2026-09-30T21:15:33,51.88759571666667,0.9121889666666667,19.231,41,0.44,1
2026-09-30T21:15:34,51.887595766666664,0.9121890333333333,19.236,41,0.43,1
2026-09-30T21:15:35,51.8875958,0.9121890666666667,19.241,41,0.43,1
2026-09-30T21:15:36,51.887595833333336,0.9121891166666667,19.243,41,0.44,1
2026-09-30T21:15:37,51.88759591666667,0.91218915,19.247,41,0.44,1
2026-09-30T21:15:38,51.887595983333334,0.9121891000000001,19.248,41,0.45,1
2026-09-30T21:15:39,51.88759601666667,0.9121890500000001,19.251,41,0.45,1
2026-09-30T21:15:40,51.88759603333333,0.912189,19.254,41,0.46,1
2026-09-30T21:15:41,51.88759605,0.9121890333333333,19.258,41,0.45,1
2026-09-30T21:15:42,51.88759606666667,0.9121890666666667,19.260,42,0.44,1
2026-09-30T21:15:43,51.88759613333333,0.9121890333333333,19.266,42,0.45,1
2026-09-30T21:15:44,51.88759616666667,0.9121889500000001,19.272,42,0.45,1
2026-09-30T21:15:45,51.88759625,0.9121888666666667,19.277,42,0.46,1
2026-09-30T21:15:46,51.88759631666667,0.9121887666666667,19.281,42,0.44,1
2026-09-30T21:15:47,51.88759636666666,0.9121886833333334,19.283,42,0.48,1
2026-09-30T21:15:48,51.88759645,0.9121885833333334,19.287,42,0.49,1
2026-09-30T21:15:49,51.88759651666667,0.9121884833333334,19.288,42,0.48,1
2026-09-30T21:15:50,51.887596566666666,0.9121883333333333,19.290,42,0.46,1
2026-09-30T21:15:51,51.8875966,0.9121881833333333,19.291,42,0.46,1
2026-09-30T21:15:52,51.88759663333333,0.9121879833333334,19.294,42,0.46,1
2026-09-30T21:15:53,51.88759666666667,0.9121877666666667,19.298,42,0.47,1
2026-09-30T21:15:54,51.887596683333335,0.9121876,19.303,42,0.45,1
2026-09-30T21:15:55,51.887596716666664,0.9121874166666667,19.305,42,0.43,1
2026-09-30T21:15:56,51.887596783333336,0.9121872999999999,19.307,42,0.43,1
2026-09-30T21:15:57,51.88759683333333,0.9121872,19.309,42,0.43,1
2026-09-30T21:15:58,51.88759688333333,0.9121871,19.312,42,0.45,1
2026-09-30T21:15:59,51.887596933333334,0.91218705,19.314,42,0.44,1
2026-09-30T21:16:00,51.88759695,0.9121870666666666,19.316,42,0.45,1
2026-09-30T21:16:01,51.88759701666667,0.9121870666666666,19.318,42,0.45,1
2026-09-30T21:16:02,51.8875971,0.9121870333333334,19.319,42,0.48,1
2026-09-30T21:17:01,51.88759713333334,0.912187,19.320,42,0.44,1
2026-09-30T21:17:03,51.88759951666667,0.9121916,19.191,42,0.39,1
2026-09-30T21:17:04,51.88759951666667,0.9121917333333334,19.188,42,0.40,1
2026-09-30T21:17:05,51.88759948333333,0.9121919166666667,19.189,42,0.40,1
2026-09-30T21:17:06,51.887599466666664,0.9121920833333333,19.189,42,0.40,1
2026-09-30T21:17:07,51.88759941666667,0.9121923166666667,19.190,42,0.40,1
2026-09-30T21:17:08,51.88759938333333,0.9121925333333334,19.190,42,0.39,1
2026-09-30T21:17:09,51.887599333333334,0.9121927166666667,19.192,42,0.39,1
2026-09-30T21:17:10,51.887599333333334,0.9121929000000001,19.192,42,0.38,1
2026-09-30T21:17:11,51.8875993,0.9121930333333333,19.191,42,0.40,1
2026-09-30T21:17:12,51.8875993,0.9121932,19.189,42,0.41,1
2026-09-30T21:17:13,51.88759928333333,0.9121933333333333,19.188,42,0.43,1
2026-09-30T21:17:14,51.8875993,0.9121932833333334,19.186,42,0.43,1
2026-09-30T21:17:15,51.8875993,0.9121933166666667,19.183,42,0.42,1
2026-09-30T21:17:16,51.8875993,0.9121933999999999,19.178,42,0.40,1
2026-09-30T21:17:17,51.8875993,0.9121935166666667,19.176,42,0.41,1
2026-09-30T21:17:18,51.88759926666667,0.9121935833333333,19.175,42,0.41,1
2026-09-30T21:17:19,51.88759925,0.9121936500000001,19.173,42,0.40,1
2026-09-30T21:17:20,51.887599216666665,0.9121937833333333,19.170,42,0.40,1
2026-09-30T21:17:21,51.887599183333336,0.9121939166666666,19.165,42,0.41,1
2026-09-30T21:17:22,51.887599183333336,0.9121940333333334,19.161,42,0.41,1
2026-09-30T21:17:23,51.887599216666665,0.9121940666666667,19.155,42,0.41,1
2026-09-30T21:17:24,51.88759923333333,0.9121940666666667,19.149,42,0.43,1
2026-09-30T21:17:25,51.88759923333333,0.9121940666666667,19.144,42,0.42,1
2026-09-30T21:17:26,51.887599216666665,0.9121940333333334,19.137,42,0.33,1
2026-09-30T21:17:27,51.88759925,0.9121940333333334,19.131,42,0.44,1
2026-09-30T21:17:28,51.88759928333333,0.9121940333333334,19.125,42,0.42,1
2026-09-30T21:17:29,51.8875993,0.9121940333333334,19.121,42,0.41,1
2026-09-30T21:17:30,51.887599316666666,0.9121939333333333,19.116,42,0.41,1
2026-09-30T21:17:31,51.887599333333334,0.9121939,19.112,42,0.42,1
2026-09-30T21:17:32,51.88759935,0.9121939,19.110,42,0.42,1
2026-09-30T21:17:33,51.88759938333333,0.9121939166666666,19.106,42,0.41,1
2026-09-30T21:17:34,51.8875994,0.9121939833333333,19.105,42,0.41,1
2026-09-30T21:17:35,51.88759945,0.91219405,19.106,42,0.43,1
2026-09-30T21:17:36,51.88759948333333,0.9121941166666667,19.106,42,0.45,1
2026-09-30T21:17:37,51.8875995,0.9121941833333334,19.104,42,0.44,1
2026-09-30T21:17:38,51.887599533333336,0.9121942833333333,19.104,42,0.41,1
2026-09-30T21:17:39,51.88759958333333,0.9121944333333333,19.103,41,0.41,1
2026-09-30T21:17:40,51.887599533333336,0.9121946666666666,19.103,42,0.41,1
2026-09-30T21:17:41,51.8875995,0.9121948166666667,19.106,42,0.44,1
2026-09-30T21:17:42,51.88759948333333,0.9121949833333333,19.106,41,0.44,1
2026-09-30T21:17:43,51.88759941666667,0.9121951666666667,19.109,41,0.39,1
2026-09-30T21:17:44,51.88759938333333,0.9121952666666666,19.112,41,0.40,1
2026-09-30T21:17:45,51.8875993,0.9121954333333334,19.111,41,0.42,1
2026-09-30T21:17:46,51.88759928333333,0.9121955833333334,19.112,41,0.41,1
2026-09-30T21:17:47,51.8875993,0.91219575,19.112,41,0.41,1
2026-09-30T21:17:48,51.88759928333333,0.9121959166666667,19.108,41,0.41,1
2026-09-30T21:17:49,51.887599316666666,0.9121960166666666,19.102,41,0.41,1
2026-09-30T21:17:50,51.88759925,0.9121962,19.097,41,0.40,1
2026-09-30T21:17:51,51.887599216666665,0.9121963,19.092,41,0.44,1
2026-09-30T21:17:52,51.887599183333336,0.9121963999999999,19.087,41,0.42,1
2026-09-30T21:17:53,51.88759915,0.9121965166666667,19.084,41,0.39,1
2026-09-30T21:17:54,51.88759915,0.9121966666666667,19.079,41,0.41,1
2026-09-30T21:17:55,51.88759905,0.9121967000000001,19.074,41,0.39,1
2026-09-30T21:17:56,51.88759901666667,0.9121967000000001,19.067,41,0.41,1
2026-09-30T21:17:57,51.88759895,0.9121967166666667,19.058,41,0.41,1
2026-09-30T21:17:58,51.88759885,0.9121968,19.053,41,0.40,1
2026-09-30T21:17:59,51.88759876666667,0.9121969666666666,19.049,41,0.39,1
2026-09-30T21:18:00,51.88759866666667,0.9121970833333334,19.049,41,0.40,1
2026-09-30T21:18:01,51.88759866666667,0.9121971666666667,19.045,42,0.41,1
2026-09-30T21:18:02,51.8875986,0.9121972666666667,19.045,41,0.40,1
2026-09-30T21:18:03,51.887598583333336,0.9121973666666666,19.042,42,0.39,1
2026-09-30T21:18:04,51.88759853333333,0.9121975333333334,19.040,42,0.42,1
2026-09-30T21:18:05,51.88759845,0.9121976833333334,19.042,42,0.39,1
2026-09-30T21:18:06,51.88759841666667,0.91219785,19.043,41,0.41,1
2026-09-30T21:18:07,51.887598366666666,0.9121980833333333,19.043,42,0.44,1
2026-09-30T21:18:08,51.88759831666667,0.91219825,19.047,42,0.44,1
2026-09-30T21:18:09,51.88759821666667,0.9121984666666666,19.052,42,0.42,1
2026-09-30T21:18:10,51.88759818333333,0.9121986166666667,19.051,41,0.44,1
2026-09-30T21:18:11,51.887598116666666,0.9121987666666667,19.049,42,0.42,1
2026-09-30T21:18:12,51.88759805,0.9121989500000001,19.051,42,0.40,1
2026-09-30T21:18:13,51.88759796666667,0.9121990833333334,19.055,42,0.41,1
2026-09-30T21:18:14,51.88759795,0.91219935,19.060,42,0.44,1
2026-09-30T21:18:15,51.8875979,0.9121995500000001,19.061,42,0.41,1
2026-09-30T21:18:16,51.88759785,0.9121997666666667,19.065,41,0.40,1
2026-09-30T21:18:17,51.8875978,0.9121999333333334,19.068,42,0.40,1
2026-09-30T21:18:18,51.88759775,0.9122001833333333,19.070,42,0.39,1
2026-09-30T21:18:19,51.88759773333334,0.9122005000000001,19.076,41,0.42,1
2026-09-30T21:18:20,51.8875977,0.9122008333333333,19.082,41,0.42,1
2026-09-30T21:18:21,51.88759761666667,0.9122010333333334,19.085,41,0.41,1
2026-09-30T21:18:22,51.88759756666666,0.9122011666666666,19.086,41,0.38,1
2026-09-30T21:18:23,51.887597516666666,0.9122013333333334,19.086,41,0.39,1
2026-09-30T21:18:24,51.88759745,0.9122014666666666,19.087,41,0.39,1
2026-09-30T21:18:25,51.8875974,0.91220165,19.087,41,0.40,1
2026-09-30T21:18:26,51.88759735,0.9122019166666667,19.088,41,0.42,1
2026-09-30T21:18:27,51.8875973,0.9122021166666666,19.088,41,0.41,1
2026-09-30T21:18:28,51.88759725,0.9122022166666667,19.089,42,0.40,1
2026-09-30T21:18:29,51.88759721666667,0.9122023333333333,19.088,41,0.43,1
2026-09-30T21:18:30,51.887597183333334,0.9122024666666667,19.084,42,0.40,1
2026-09-30T21:18:31,51.88759715,0.91220265,19.081,41,0.40,1
2026-09-30T21:18:32,51.8875971,0.9122027500000001,19.077,42,0.42,1
2026-09-30T21:18:33,51.88759696666666,0.9122027833333333,19.077,42,0.34,1
2026-09-30T21:18:34,51.88759695,0.9122028833333334,19.074,42,0.39,1
2026-09-30T21:18:35,51.887596916666666,0.9122029166666666,19.073,42,0.40,1
2026-09-30T21:18:36,51.88759688333333,0.9122029666666667,19.068,42,0.41,1
2026-09-30T21:18:37,51.88759683333333,0.9122029833333334,19.067,42,0.41,1
2026-09-30T21:18:38,51.887596783333336,0.91220295,19.064,41,0.41,1
2026-09-30T21:18:39,51.887596716666664,0.9122028833333334,19.063,43,0.39,1
2026-09-30T21:18:40,51.887596683333335,0.9122027333333332,19.060,42,0.39,1
2026-09-30T21:18:41,51.88759661666667,0.9122026666666667,19.057,42,0.38,1
